{
  "$schema": "https://schema.management.azure.com/schemas/2015-01-01/deploymentParameters.json#",
  "contentVersion": "1.0.0.0",
  "parameters": {
      "location": {
          "value": "northeurope"
      },
      "networkInterfaceName": {
          "value": "webtier864"
      },
      "networkSecurityGroupName": {
          "value": "webtier-nsg"
      },
      "networkSecurityGroupRules": {
          "value": [
              {
                  "name": "RDP",
                  "properties": {
                      "priority": 300,
                      "protocol": "TCP",
                      "access": "Allow",
                      "direction": "Inbound",
                      "sourceAddressPrefix": "*",
                      "sourcePortRange": "*",
                      "destinationAddressPrefix": "*",
                      "destinationPortRange": "3389"
                  }
              },
              {
                  "name": "HTTP",
                  "properties": {
                      "priority": 320,
                      "protocol": "TCP",
                      "access": "Allow",
                      "direction": "Inbound",
                      "sourceAddressPrefix": "*",
                      "sourcePortRange": "*",
                      "destinationAddressPrefix": "*",
                      "destinationPortRange": "80"
                  }
              },
              {
                  "name": "HTTPS",
                  "properties": {
                      "priority": 340,
                      "protocol": "TCP",
                      "access": "Allow",
                      "direction": "Inbound",
                      "sourceAddressPrefix": "*",
                      "sourcePortRange": "*",
                      "destinationAddressPrefix": "*",
                      "destinationPortRange": "443"
                  }
              }
          ]
      },
      "subnetName": {
          "value": "dev_subnet"
      },
      "publicIpAddressName": {
          "value": "webtier-ip"
      },
      "publicIpAddressType": {
          "value": "Dynamic"
      },
      "publicIpAddressSku": {
          "value": "Basic"
      },
      "virtualMachineName": {
          "value": "webtier"
      },
      "virtualMachineRG": {
          "value": "ADFS"
      },
      "osDiskType": {
          "value": "StandardSSD_LRS"
      },
      "virtualMachineSize": {
          "value": "Standard_DS1_v2"
      },
      "adminUsername": {
          "value": "lr_siemans_user"
      },
      "adminPassword": {
          "value": "Gd<e#nYFP~#}3U(N"
      },
      "virtualNetworkName": {
        "value": "lr_siemens_vnet"
      }
  }
}