{
  "$schema": "http://schema.management.azure.com/schemas/2015-01-01/deploymentTemplate.json#",
  "contentVersion": "1.0.0.0",
  "parameters": {
      "location": {
          "type": "string"
      },
      "networkInterfaceName": {
          "type": "string"
      },
      "networkSecurityGroupName": {
          "type": "string"
      },
      "networkSecurityGroupRules": {
          "type": "array"
      },
      "subnetName": {
          "type": "string"
      },
      "virtualNetworkName" : {
        "type": "string"
      },
      "publicIpAddressName": {
          "type": "string"
      },
      "publicIpAddressType": {
          "type": "string"
      },
      "publicIpAddressSku": {
          "type": "string"
      },
      "virtualMachineName": {
          "type": "string"
      },
      "virtualMachineRG": {
          "type": "string"
      },
      "osDiskType": {
          "type": "string"
      },
      "virtualMachineSize": {
          "type": "string"
      },
      "adminUsername": {
          "type": "string"
      },
      "adminPassword": {
          "type": "secureString"
      }
  },
  "variables": {
      "nsgId": "[resourceId(resourceGroup().name, 'Microsoft.Network/networkSecurityGroups', parameters('networkSecurityGroupName'))]",
      "vnetId": "[resourceId(resourceGroup().name,'Microsoft.Network/virtualNetworks', parameters('virtualNetworkName'))]",
      "subnetRef": "[concat(variables('vnetId'), '/subnets/', parameters('subnetName'))]"
  },
  "resources": [
      {
          "name": "[parameters('networkInterfaceName')]",
          "type": "Microsoft.Network/networkInterfaces",
          "apiVersion": "2018-08-01",
          "location": "[parameters('location')]",
          "dependsOn": [
              "[concat('Microsoft.Network/networkSecurityGroups/', parameters('networkSecurityGroupName'))]",
              "[concat('Microsoft.Network/publicIpAddresses/', parameters('publicIpAddressName'))]"
          ],
          "properties": {
              "ipConfigurations": [
                  {
                      "name": "ipconfig1",
                      "properties": {
                          "subnet": {
                              "id": "[variables('subnetRef')]"
                          },
                          "privateIPAllocationMethod": "Dynamic",
                          "publicIpAddress": {
                              "id": "[resourceId(resourceGroup().name, 'Microsoft.Network/publicIpAddresses', parameters('publicIpAddressName'))]"
                          }
                      }
                  }
              ],
              "networkSecurityGroup": {
                  "id": "[variables('nsgId')]"
              }
          },
          "tags": {}
      },
      {
          "name": "[parameters('networkSecurityGroupName')]",
          "type": "Microsoft.Network/networkSecurityGroups",
          "apiVersion": "2018-08-01",
          "location": "[parameters('location')]",
          "properties": {
              "securityRules": "[parameters('networkSecurityGroupRules')]"
          },
          "tags": {}
      },
      {
          "name": "[parameters('publicIpAddressName')]",
          "type": "Microsoft.Network/publicIpAddresses",
          "apiVersion": "2018-08-01",
          "location": "[parameters('location')]",
          "properties": {
              "publicIpAllocationMethod": "[parameters('publicIpAddressType')]"
          },
          "sku": {
              "name": "[parameters('publicIpAddressSku')]"
          },
          "tags": {}
      },
      {
          "name": "[parameters('virtualMachineName')]",
          "type": "Microsoft.Compute/virtualMachines",
          "apiVersion": "2018-06-01",
          "location": "[parameters('location')]",
          "dependsOn": [
              "[concat('Microsoft.Network/networkInterfaces/', parameters('networkInterfaceName'))]"
          ],
          "properties": {
              "hardwareProfile": {
                  "vmSize": "[parameters('virtualMachineSize')]"
              },
              "storageProfile": {
                  "osDisk": {
                      "createOption": "fromImage",
                      "managedDisk": {
                          "storageAccountType": "[parameters('osDiskType')]"
                      }
                  },
                  "imageReference": {
                      "publisher": "MicrosoftWindowsServer",
                      "offer": "WindowsServer",
                      "sku": "2016-Datacenter",
                      "version": "latest"
                  }
              },
              "networkProfile": {
                  "networkInterfaces": [
                      {
                          "id": "[resourceId('Microsoft.Network/networkInterfaces', parameters('networkInterfaceName'))]"
                      }
                  ]
              },
              "osProfile": {
                  "computerName": "[parameters('virtualMachineName')]",
                  "adminUsername": "[parameters('adminUsername')]",
                  "adminPassword": "[parameters('adminPassword')]",
                  "windowsConfiguration": {
                      "enableAutomaticUpdates": true,
                      "provisionVmAgent": true
                  }
              }
          },
          "tags": {}
      }
  ],
  "outputs": {
      "adminUsername": {
          "type": "string",
          "value": "[parameters('adminUsername')]"
      }
  }
}